insert into curriculum(country, state, description) values('Australia', 'NSW', 'NSW State Language Curriculum');
insert into curriculum(country, state, description) values('Australia','QLD','Queensland English Curriculum');
insert into curriculum(country, state, description) values('Australia','VIC','VIC English Curriculum');
insert into school_type_identifiers(school_type_identifier_name, school_type_identifier_description) values('Primary School', 'Australian Primary School - Level 0 to 6');
insert into school_type_identifiers(school_type_identifier_name, school_type_identifier_description) values('Secondary School', 'Australian Secondary School - Level 7 to 10');
select * from school_type_identifiers;
insert into schools(name, curriculum_details_curriculum_details_Id, school_type_id) values('Hawthorn Primary', 1, 1);
select * from schools;
insert into school_teachers(teachers_user_Id, schools_school_Id) values(1, 1);
/**insert into school_teachers(teachers_user_Id, schools_school_Id) values(2, 1);*/
select * from school_teachers;
insert into school_types(fk_curriculum_id, fk_school_type_id, type_name) values(1, 1, 'primary');
insert into school_types(fk_curriculum_id, fk_school_type_id, type_name) values(2, 1, 'secondary');
select * from school_types;
insert into scriibi_levels(scriibi_Level) values(1);
insert into scriibi_levels(scriibi_Level) values(2);
insert into scriibi_levels(scriibi_Level) values(3);
insert into scriibi_levels(scriibi_Level) values(4);
insert into scriibi_levels(scriibi_Level) values(5);
insert into scriibi_levels(scriibi_Level) values(6);
insert into scriibi_levels(scriibi_Level) values(7);
insert into scriibi_levels(scriibi_Level) values(8);
select * from scriibi_levels;
insert into grade_labels(fk_school_type_id, fk_scriibi_level_id, grade_label) values(1, 1, 'grade 1');
insert into grade_labels(fk_school_type_id, fk_scriibi_level_id, grade_label) values(1, 2, 'grade 2');
insert into grade_labels(fk_school_type_id, fk_scriibi_level_id, grade_label) values(1, 3, 'grade 3');
insert into grade_labels(fk_school_type_id, fk_scriibi_level_id, grade_label) values(1, 4, 'grade 4');
insert into grade_labels(fk_school_type_id, fk_scriibi_level_id, grade_label) values(1, 5, 'grade 5');
insert into grade_labels(fk_school_type_id, fk_scriibi_level_id, grade_label) values(1, 6, 'grade 6');
insert into grade_labels(fk_school_type_id, fk_scriibi_level_id, grade_label) values(1, 7, 'grade 7');
insert into grade_labels(fk_school_type_id, fk_scriibi_level_id, grade_label) values(1, 7, 'grade 8');
select * from grade_labels;
insert into assessed_level_labels(school_type_id_fk, school_scriibi_level_id, assessed_level_label) values(1, 1, 'assesment 1');
insert into assessed_level_labels(school_type_id_fk, school_scriibi_level_id, assessed_level_label) values(1, 2, 'assesment 2');
insert into assessed_level_labels(school_type_id_fk, school_scriibi_level_id, assessed_level_label) values(1, 3, 'assesment 3');
insert into assessed_level_labels(school_type_id_fk, school_scriibi_level_id, assessed_level_label) values(1, 4, 'assesment 4');
insert into assessed_level_labels(school_type_id_fk, school_scriibi_level_id, assessed_level_label) values(1, 5, 'assesment 5');
select * from assessed_level_labels;
insert into classes(class_Name, schools_school_Id) values('English class', 1);
insert into classes(class_Name, schools_school_Id) values('History class', 1);
insert into classes(class_Name, schools_school_Id) values('French class', 1);
select * from classes;
insert into classes_teachers(classes_teachers_classes_class_Id, teachers_user_Id) values(1, 1);
/**insert into classes_teachers(classes_teachers_classes_class_Id, teachers_user_Id) values(2, 2);**/
select * from classes_teachers;
insert into students(student_First_Name, student_Last_Name, Student_Gov_Id, enrolled_Level_Id, rubrik_level, schools_school_Id) values('Edith', 'Richardson', '0h6bsj15g2', 1, 2, 1);
insert into students(student_First_Name, student_Last_Name, Student_Gov_Id, enrolled_Level_Id, rubrik_level, schools_school_Id) values('Chelsea', 'Chapman', 'ftsyph208i', 3, 1, 1);
insert into students(student_First_Name, student_Last_Name, Student_Gov_Id, enrolled_Level_Id, rubrik_level, schools_school_Id) values('Justin', 'Hill', 'jf6gdg8oaa', 2, 1, 1);
insert into students(student_First_Name, student_Last_Name, Student_Gov_Id, enrolled_Level_Id, rubrik_level, schools_school_Id) values('Penelope', 'Johnson', 'bhg8uv3gwx', 1, 2, 1);
insert into students(student_First_Name, student_Last_Name, Student_Gov_Id, enrolled_Level_Id, rubrik_level, schools_school_Id) values('Alina', 'Ellis', 'rk4p0vu0d4', 3, 1, 1);
insert into students(student_First_Name, student_Last_Name, Student_Gov_Id, enrolled_Level_Id, rubrik_level, schools_school_Id) values('Julia', 'Watson', 'f972obzfjn', 3, 1, 1);
select * from students;
insert into classes_students(classes_class_Id, students_student_Id, student_grade_label_id, student_assessed_label_id) values(1,1, 1, 2);
insert into classes_students(classes_class_Id, students_student_Id, student_grade_label_id, student_assessed_label_id) values(1,2, 3, 1);
insert into classes_students(classes_class_Id, students_student_Id, student_grade_label_id, student_assessed_label_id) values(1,3, 2, 1);
insert into classes_students(classes_class_Id, students_student_Id, student_grade_label_id, student_assessed_label_id) values(1,4, 1, 2);
insert into classes_students(classes_class_Id, students_student_Id, student_grade_label_id, student_assessed_label_id) values(1,5, 3, 1);
insert into classes_students(classes_class_Id, students_student_Id, student_grade_label_id, student_assessed_label_id) values(1,6, 3, 1);
select * from classes_students;
insert into positions(position_Name) values ('literacy lead');
insert into positions(position_Name) values ('principal');
insert into positions(position_Name) values ('gradelevel');
insert into traits(trait_Name, colour, icon) values ('Ideas', 'yellow', 'Ideas.png');
insert into traits(trait_Name, colour, icon) values ('Convenion', 'pink', 'Convenion.png');
insert into traits(trait_Name, colour, icon) values ('Organization', 'red', 'Organization.png');
insert into traits(trait_Name, colour, icon) values ('Other Skills', 'purple', 'Other Skills.png');
insert into traits(trait_Name, colour, icon) values ('Sentence Fluency', 'blue', 'Sentence Fluency.png');
insert into traits(trait_Name, colour, icon) values ('Voice', 'grey', 'Voice.png');
insert into traits(trait_Name, colour, icon) values ('Word Choice', 'green', 'Word Choice.png');
select * from traits;
insert into skills(skill_Name, skill_def) values ('connectives', 'connectives description');
insert into skills(skill_Name, skill_def) values ('pacing', 'pacing description');
insert into skills(skill_Name, skill_def) values ('modality', 'modality description');
insert into skills(skill_Name, skill_def) values ('spelling', 'spelling description');
insert into skills(skill_Name, skill_def) values ('punctuation', 'punctuation description');
insert into skills(skill_Name, skill_def) values ('vocabulary', 'vocabulary description');
insert into skills(skill_Name, skill_def) values ('writting', 'writting description');
insert into skills(skill_Name, skill_def) values ('speaking', 'speaking description');
insert into skills(skill_Name, skill_def) values ('talking', 'talking description');
insert into skills(skill_Name, skill_def) values ('running', 'running description');
insert into skills(skill_Name, skill_def) values ('swimming', 'swimming description');
insert into skills(skill_Name, skill_def) values ('playing', 'playing description');
insert into skills(skill_Name, skill_def) values ('dancing', 'dancing description');
insert into skills(skill_Name, skill_def) values ('jumping', 'jumping description');
insert into skills(skill_Name, skill_def) values ('singing', 'singing description');
insert into skills(skill_Name, skill_def) values ('diving', 'diving description');
insert into skills(skill_Name, skill_def) values ('hooping', 'hooping description');
insert into skills(skill_Name, skill_def) values ('juggling', 'juggling description');
insert into skills(skill_Name, skill_def) values ('skiing', 'skiing description');
insert into skills(skill_Name, skill_def) values ('drinking', 'drinking description');
select * from skills;
insert into skills_traits(skills_traits_traits_trait_Id, skills_traits_skills_skill_Id) values (1, 1);
insert into skills_traits(skills_traits_traits_trait_Id, skills_traits_skills_skill_Id) values (1, 2);
insert into skills_traits(skills_traits_traits_trait_Id, skills_traits_skills_skill_Id) values (1, 15);
insert into skills_traits(skills_traits_traits_trait_Id, skills_traits_skills_skill_Id) values (1, 16);
insert into skills_traits(skills_traits_traits_trait_Id, skills_traits_skills_skill_Id) values (1, 17);
insert into skills_traits(skills_traits_traits_trait_Id, skills_traits_skills_skill_Id) values (2, 3);
insert into skills_traits(skills_traits_traits_trait_Id, skills_traits_skills_skill_Id) values (2, 4);
insert into skills_traits(skills_traits_traits_trait_Id, skills_traits_skills_skill_Id) values (3, 5);
insert into skills_traits(skills_traits_traits_trait_Id, skills_traits_skills_skill_Id) values (3, 6);
insert into skills_traits(skills_traits_traits_trait_Id, skills_traits_skills_skill_Id) values (4, 7);
insert into skills_traits(skills_traits_traits_trait_Id, skills_traits_skills_skill_Id) values (4, 8);
insert into skills_traits(skills_traits_traits_trait_Id, skills_traits_skills_skill_Id) values (1, 18);
insert into skills_traits(skills_traits_traits_trait_Id, skills_traits_skills_skill_Id) values (5, 9);
insert into skills_traits(skills_traits_traits_trait_Id, skills_traits_skills_skill_Id) values (5, 10);
insert into skills_traits(skills_traits_traits_trait_Id, skills_traits_skills_skill_Id) values (6, 11);
insert into skills_traits(skills_traits_traits_trait_Id, skills_traits_skills_skill_Id) values (6, 12);
insert into skills_traits(skills_traits_traits_trait_Id, skills_traits_skills_skill_Id) values (6, 19);
insert into skills_traits(skills_traits_traits_trait_Id, skills_traits_skills_skill_Id) values (6, 20);
insert into skills_traits(skills_traits_traits_trait_Id, skills_traits_skills_skill_Id) values (7, 13);
insert into skills_traits(skills_traits_traits_trait_Id, skills_traits_skills_skill_Id) values (7, 14);
insert into text_types(text_type_Name, text_type_Desc) values('Narrative', "This is a decrription for a Narrative text type");
insert into text_types(text_type_Name, text_type_Desc) values('Recount', "This is a decrription for a Recount text type");
insert into text_types(text_type_Name, text_type_Desc) values('Information Report', "This is a decrription for a Information Report text type");
insert into text_types(text_type_Name, text_type_Desc) values('Persuasive', "This is a decrription for a Persuasive text type");
insert into text_types(text_type_Name, text_type_Desc) values('Explanation', "This is a decrription for a Explanation text type");
insert into text_types(text_type_Name, text_type_Desc) values('Procedural', "This is a decrription for a Procedural text type");
insert into text_types(text_type_Name, text_type_Desc) values('Description', "This is a decrription for a Description text type");
insert into text_types(text_type_Name, text_type_Desc) values('Transactional', "This is a decrription for a Transactional text type");
insert into text_types(text_type_Name, text_type_Desc) values('Discussion', "This is a decrription for a Discussion text type");
insert into text_types(text_type_Name, text_type_Desc) values('Personal Response', "This is a decrription for a Personal Response text type");
insert into text_types(text_type_Name, text_type_Desc) values('Poetry', "This is a decrription for a Poetry text type");
insert into teaching_periods (period_Name) values('undefined');
